-100123138,963124.0,2,2018-02-04,355150060665580,facebook,whatsapp,19.183333333333334,MOBILE,N/A,N/A
-1007329301,28214.0,4,2018-02-04,355430072783980,ssl,nopayload,1.7833333333333334,MOBILE,N/A,N/A
-1009119639,63007.0,1,2018-02-04,353803085255590,applepushnotification,,19.0,MOBILE,N/A,N/A
-1011238866,20751.0,4,2018-02-04,355270076761150,http,ntp,20.666666666666668,MOBILE,N/A,N/A
-101164792,2.2539758E7,15,2018-02-04,353952075092670,user32,httpv2,24.9,MOBILE,N/A,N/A
-1011786134,0.0,1,2018-02-04,867627024450270,,,0.016666666666666666,MOBILE,N/A,N/A
-1012311400,10474.0,3,2018-02-04,911428000373280,ntp,whatsapp,20.2,MOBILE,N/A,N/A
-1012654046,38222.0,5,2018-02-04,359213070725450,existing,facebook,19.1,MOBILE,N/A,N/A
-1012828080,9741.0,7,2018-02-04,354218074555680,ssl,existing,23.216666666666665,MOBILE,N/A,N/A
-1013182317,10559.0,5,2018-02-04,359204071810760,nopayload,applepushnotification,14.65,MOBILE,N/A,N/A
-1013275538,164640.0,15,2018-02-04,353289072919690,http,google,225.63333333333333,MOBILE,N/A,N/A
-1013302596,242402.0,4,2018-02-04,354737080238860,google,whatsapp,19.866666666666667,MOBILE,N/A,N/A
-1014507009,5190.0,2,2018-02-04,353317071983350,facetime,existing,19.183333333333334,MOBILE,N/A,N/A
-1015240841,2161.0,3,2018-02-04,352149071107820,facetime,user32,18.566666666666666,MOBILE,N/A,N/A
-1016970491,392.0,1,2018-02-04,354604071981360,ntp,,30.216666666666665,MOBILE,N/A,N/A
-1018013178,6873656.0,32,2018-02-04,354204075883170,google,ntp,145.08333333333334,MOBILE,N/A,N/A
-1018103007,6233020.0,6,2018-02-04,359520062135130,user32,windowsupdate,18.783333333333335,MOBILE,N/A,N/A
-1018103721,6101.0,1,2018-02-04,863679013043040,unknowntcp,,0.16666666666666666,MOBILE,N/A,N/A
-1019799832,115448.0,4,2018-02-04,353816086418970,ssl,itunes,23.3,MOBILE,N/A,N/A
-1020069058,44902.0,7,2018-02-04,353312078799720,baidu,existing,22.3,MOBILE,N/A,N/A
-102054556,1656.0,1,2018-02-04,867296027255130,existing,,16.116666666666667,MOBILE,N/A,N/A
-1020659739,57481.0,4,2018-02-04,355025061171660,google,user32,22.25,MOBILE,N/A,N/A
-102890656,1.2748628E7,39,2018-02-04,356761060154700,google,existing,2877.55,MOBILE,N/A,N/A
-102919457,15736.0,4,2018-02-04,359202074635730,whatsapp,google,2.75,MOBILE,N/A,N/A
-1040412593,10578.0,1,2018-02-04,353925063094070,applepushnotification,,2.3333333333333335,MOBILE,N/A,N/A
-1041458935,85959.0,8,2018-02-04,353697060119390,http,viber,22.716666666666665,MOBILE,N/A,N/A
-1044143198,279008.0,14,2018-02-04,355416073030590,applepushnotification,existing,112.35,MOBILE,N/A,N/A
-1044794419,2537964.0,36,2018-02-04,352554066748230,google,facebook_messenger,88.2,MOBILE,N/A,N/A
-1045894941,0.0,2,2018-02-04,359467073661320,applepushnotification,,24.316666666666666,MOBILE,N/A,N/A
-1046553075,17390.0,3,2018-02-04,355405075342220,nopayload,httpv2,0.11666666666666667,MOBILE,N/A,N/A
-1063008083,36348.0,7,2018-02-04,862271032472060,whatsapp,existing,25.583333333333332,MOBILE,N/A,N/A
-1066028886,6504200.0,7,2018-02-04,355426073253440,user32,existing,23.316666666666666,MOBILE,N/A,N/A
-1068433802,12142.0,8,2018-02-04,357063082943210,user32,unknowntcp,3.8833333333333333,MOBILE,N/A,N/A
-1069563039,50121.0,1,2018-02-04,353330077209920,ssl,,14.6,MOBILE,N/A,N/A
-1069578515,156245.0,2,2018-02-04,351542061639020,google,existing,18.016666666666666,MOBILE,N/A,N/A
-1069730535,2268.0,3,2018-02-04,867627022087470,nopayload,unknowntcp,2769.35,MOBILE,N/A,N/A
-1070444621,25218.0,1,2018-02-04,355769071864630,office365,,19.783333333333335,MOBILE,N/A,N/A
-1070895548,11054.0,2,2018-02-04,355206063662080,whatsapp,user32,20.316666666666666,MOBILE,N/A,N/A
-1071008940,16582.0,2,2018-02-04,353255074955660,facebook_messenger,,0.16666666666666666,MOBILE,N/A,N/A
-1074379699,0.0,1,2018-02-04,359769072010980,facebook,,0.0,MOBILE,N/A,N/A
-1076194219,2858.0,6,2018-02-04,352149073777200,skype,unknowntcp,0.23333333333333334,MOBILE,N/A,N/A
-1076462587,132.0,1,2018-02-04,357619081468100,facetime,,10.05,MOBILE,N/A,N/A
-1096140356,6109.0,3,2018-02-04,990004526345600,google,xml,19.866666666666667,MOBILE,N/A,N/A
-1097552447,2724.0,1,2018-02-04,359214072718750,nopayload,,16.95,MOBILE,N/A,N/A
-1097702487,20277.0,8,2018-02-04,355318081517320,google,facetime,21.383333333333333,MOBILE,N/A,N/A
-1098234753,1283792.0,6,2018-02-04,356504073193530,google,user32,22.616666666666667,MOBILE,N/A,N/A
-1099166002,1.7963108E7,3,2018-02-04,359207073452170,nopayload,snapchat,19.983333333333334,MOBILE,N/A,N/A
-1099642650,2136.0,1,2018-02-04,355331083199220,user32,,30.4,MOBILE,N/A,N/A
-1100472144,21130.0,7,2018-02-04,358686050690070,google,http,173.11666666666667,MOBILE,N/A,N/A
-1101431097,0.0,6,2018-02-04,356591071841270,existing,user32,97.38333333333334,MOBILE,N/A,N/A
-1105840107,0.0,1,2018-02-04,358430071290680,,,279.9,MOBILE,N/A,N/A
-1105864193,464.0,1,2018-02-04,013410006700880,nopayload,,6.9,MOBILE,N/A,N/A
-1121994362,7585.0,9,2018-02-04,359769071162060,whatsapp,http,25.2,MOBILE,N/A,N/A
-1122232692,0.0,1,2018-02-04,357412073091990,itunes,,20.0,MOBILE,N/A,N/A
-1122917752,0.0,1,2018-02-04,359205076318930,,,20.666666666666668,MOBILE,N/A,N/A
-1123995164,117151.0,4,2018-02-04,353409068415690,user32,google,15.45,MOBILE,N/A,N/A
-1125902652,660.0,1,2018-02-04,359206074726980,facetime,,12.8,MOBILE,N/A,N/A
-1126275985,416071.0,14,2018-02-04,353845081799830,google,snapchat,47.31666666666667,MOBILE,N/A,N/A
-1126424791,976.0,2,2018-02-04,359316068623380,existing,,0.11666666666666667,MOBILE,N/A,N/A
-1127106072,1203.0,1,2018-02-04,359206073017100,existing,,0.08333333333333333,MOBILE,N/A,N/A
-1129912472,1092.0,6,2018-02-04,355159062029800,google,whatsapp,20.016666666666666,MOBILE,N/A,N/A
-1130776417,1480.0,1,2018-02-04,353315070693620,user32,,11.516666666666667,MOBILE,N/A,N/A
-1130954012,14712.0,2,2018-02-04,358827059005860,facebook,,19.383333333333333,MOBILE,N/A,N/A
-1148961816,893.0,2,2018-02-04,352991067903390,nopayload,user32,22.2,MOBILE,N/A,N/A
-1155425472,63610.0,2,2018-02-04,358351066230480,ssl,nopayload,16.216666666666665,MOBILE,N/A,N/A
-1156778192,747152.0,4,2018-02-04,359153070488400,applepushnotification,user32,2568.0333333333333,MOBILE,N/A,N/A
-1156869335,12600.0,2,2018-02-04,868234020039960,google,,0.16666666666666666,MOBILE,N/A,N/A
-1159552384,5610.0,2,2018-02-04,353841081987760,user32,existing,20.483333333333334,MOBILE,N/A,N/A
-1160325212,4771385.0,18,2018-02-04,359523069158240,instagram,youtube_web,22.633333333333333,MOBILE,N/A,N/A
-1160379953,98774.0,6,2018-02-04,359228065965280,spdy,itunes,2598.5,MOBILE,N/A,N/A
-1162174204,78971.0,1,2018-02-04,013034008129460,applepushnotification,,18.033333333333335,MOBILE,N/A,N/A
-11809255,333.0,1,2018-02-04,863990036042910,whatsapp,,15.2,MOBILE,N/A,N/A
-1184489313,642814.0,2,2018-02-04,352040064702110,google,icloud,5.766666666666667,MOBILE,N/A,N/A
-1184489402,0.0,3,2018-02-04,351612062244280,ntp,nopayload,22.433333333333334,MOBILE,N/A,N/A
-1188242110,7939.0,3,2018-02-04,353844082650280,existing,http,15.933333333333334,MOBILE,N/A,N/A
-1191929523,1.0475382E7,28,2018-02-04,352028074922130,instagram,user32,21.25,MOBILE,N/A,N/A
-121144603,3168.0,1,2018-02-04,353291078405760,nopayload,,15.95,MOBILE,N/A,N/A
-1215946927,2217326.0,7,2018-02-04,353975078535590,microsoftupdate,user32,21.816666666666666,MOBILE,N/A,N/A
-1215974803,1.1671743E7,15,2018-02-04,358982075368480,nopayload,youtube,23.4,MOBILE,N/A,N/A
-1217733209,3234998.0,3,2018-02-04,352957071265450,googlemarket,soundcloud,16.533333333333335,MOBILE,N/A,N/A
-121943997,4562.0,2,2018-02-04,353841086605800,facebook_messenger,,0.11666666666666667,MOBILE,N/A,N/A
-123309399,6739.0,3,2018-02-04,357063080625680,user32,existing,23.666666666666668,MOBILE,N/A,N/A
-123706443,14304.0,2,2018-02-04,353287077030720,youtube_web,,60.166666666666664,MOBILE,N/A,N/A
-1240733815,1214988.0,8,2018-02-04,356982065125870,applepushnotification,existing,198.93333333333334,MOBILE,N/A,N/A
-124285274,0.0,2,2018-02-04,352631055919750,google,,20.0,MOBILE,N/A,N/A
-124444375,6544.0,2,2018-02-04,354467073233290,google,whatsapp,18.616666666666667,MOBILE,N/A,N/A
-1245436981,400.0,1,2018-02-04,354443061313230,user32,,10.183333333333334,MOBILE,N/A,N/A
-1245468785,9868.0,2,2018-02-04,353308077573300,ssl,,0.0,MOBILE,N/A,N/A
-126007484,422.0,4,2018-02-04,355732073343210,httpv2,,20.016666666666666,MOBILE,N/A,N/A
-127246681,5916637.0,8,2018-02-04,357224071730850,user32,ntp,22.883333333333333,MOBILE,N/A,N/A
-129017426,0.0,1,2018-02-04,3526500631904802,,,0.2,MOBILE,N/A,N/A
-129909330,25080.0,5,2018-02-04,867513020026580,existing,facebook_messenger,17.183333333333334,MOBILE,N/A,N/A
-146939707,173684.0,13,2018-02-04,355249084353350,ssl,google,13.283333333333333,MOBILE,N/A,N/A
-148608744,65900.0,5,2018-02-04,359767072813570,unknowntcp,ntp,25.233333333333334,MOBILE,N/A,N/A
-149705366,0.0,4,2018-02-04,355319081811570,facetime,user32,50.9,MOBILE,N/A,N/A
-150427077,2070028.0,7,2018-02-04,357460067238890,user32,facebook,22.716666666666665,MOBILE,N/A,N/A
-152886561,5.4996566E7,12,2018-02-04,353844084629980,ssl,facebook,137.51666666666668,MOBILE,N/A,N/A
-154298882,1.858706E7,14,2018-02-04,354620070758070,whatsapp,google,74.98333333333333,MOBILE,N/A,N/A
-155657187,46857.0,1,2018-02-04,3539930815782201,facebook,,0.16666666666666666,MOBILE,N/A,N/A
-158365280,48334.0,8,2018-02-04,354738068659200,google,facebook,26.45,MOBILE,N/A,N/A
-161192519,1540.0,4,2018-02-04,359154071086530,nopayload,,6.516666666666667,MOBILE,N/A,N/A
-161339551,100315.0,4,2018-02-04,358564071215940,twitter,icloud,19.35,MOBILE,N/A,N/A
-161346494,0.0,2,2018-02-04,355417073155870,facebook_video,,0.0,MOBILE,N/A,N/A
-1636156799,682841.0,6,2018-02-04,869045026968810,googlemap,telegram,22.7,MOBILE,N/A,N/A
-1638041571,128947.0,2,2018-02-04,354175083529820,facebook_video,instagram,3.933333333333333,MOBILE,N/A,N/A
-1638875558,12400.0,2,2018-02-04,353316079588960,google,,18.15,MOBILE,N/A,N/A
-1640898431,5519.0,2,2018-02-04,356379067408970,google,existing,18.883333333333333,MOBILE,N/A,N/A
-1642629196,8530.0,2,2018-02-04,356470061596120,user32,facebook,18.95,MOBILE,N/A,N/A
-1643455779,571757.0,6,2018-02-04,355248082136530,unknownudp,googleplushangout,22.633333333333333,MOBILE,N/A,N/A
-1644560871,39046.0,3,2018-02-04,352940083392790,user32,ssl,2.0166666666666666,MOBILE,N/A,N/A
-1668487943,4356589.0,13,2018-02-04,013968000916520,facebook_video,jabber,2798.266666666667,MOBILE,N/A,N/A
-1668513668,7107.0,1,2018-02-04,861327030069070,google,,11.516666666666667,MOBILE,N/A,N/A
-1668513792,76666.0,7,2018-02-04,353315071319680,facetime,windowslive,22.1,MOBILE,N/A,N/A
-1672061837,146.0,1,2018-02-04,353805080113420,unknowntcp,,0.16666666666666666,MOBILE,N/A,N/A
-1673127493,588.0,1,2018-02-04,358254070018100,ntp,,40.166666666666664,MOBILE,N/A,N/A
-1693329635,289984.0,5,2018-02-04,867375029299440,facebook,unknowntcp,23.783333333333335,MOBILE,N/A,N/A
-1696133952,201502.0,8,2018-02-04,357224076626270,user32,bbcsport,184.2,MOBILE,N/A,N/A
-1701756732,130784.0,11,2018-02-04,357558066639080,google,googleplushangout,2792.866666666667,MOBILE,N/A,N/A
-1721987584,2028.0,1,2018-02-04,354623071758090,existing,,11.833333333333334,MOBILE,N/A,N/A
-1726633055,1.0972829E7,8,2018-02-04,355094080172090,http,facebook_messenger,22.833333333333332,MOBILE,N/A,N/A
-1727498917,475.0,6,2018-02-04,355025063693320,http,existing,21.816666666666666,MOBILE,N/A,N/A
-1727528768,286.0,2,2018-02-04,354748074538120,facebook_messenger,,0.16666666666666666,MOBILE,N/A,N/A
-1736418583,89495.0,4,2018-02-04,359302061748320,nopayload,facebook_messenger,20.166666666666668,MOBILE,N/A,N/A
-1752553086,66.0,1,2018-02-04,356446058094500,facetime,,0.16666666666666666,MOBILE,N/A,N/A
-1756678137,529436.0,5,2018-02-04,355767072717140,nopayload,googleplushangout,279.6333333333333,MOBILE,N/A,N/A
-1757667218,350604.0,3,2018-02-04,352088072117290,user32,unknowntcp,20.8,MOBILE,N/A,N/A
-1758433112,32841.0,3,2018-02-04,354428067034990,itunes,existing,2603.55,MOBILE,N/A,N/A
-1759363143,322.0,2,2018-02-04,861027034855460,googlemap,googleplushangout,18.8,MOBILE,N/A,N/A
-1759418009,1311.0,1,2018-02-04,351969041951070,whatsapp,,0.16666666666666666,MOBILE,N/A,N/A
-1762127963,3097.0,4,2018-02-04,358982072351910,gmail,existing,20.933333333333334,MOBILE,N/A,N/A
-1762193468,10952.0,2,2018-02-04,359543055357920,flipboard,,0.16666666666666666,MOBILE,N/A,N/A
-176310533,296.0,2,2018-02-04,351776071911390,gmail,,11.15,MOBILE,N/A,N/A
-1763264860,0.0,2,2018-02-04,355768075941430,facetime,windowslive,2.8666666666666667,MOBILE,N/A,N/A
-176400923,5902.0,1,2018-02-04,359570072201240,ssh,,7.483333333333333,MOBILE,N/A,N/A
-1765018781,144362.0,7,2018-02-04,352942082292010,whatsapp,facebook,22.533333333333335,MOBILE,N/A,N/A
-1783924249,20273.0,3,2018-02-04,355419073159800,nopayload,whatsapp,15.683333333333334,MOBILE,N/A,N/A
-1784070075,112103.0,3,2018-02-04,352018063493190,office365,applepushnotification,22.333333333333332,MOBILE,N/A,N/A
-1790074031,7327.0,1,2018-02-04,358829051936620,applepushnotification,,10.516666666666667,MOBILE,N/A,N/A
-1790101004,8584.0,14,2018-02-04,355371069569060,user32,whatsapp,0.1,MOBILE,N/A,N/A
-1808202885,117430.0,2,2018-02-04,353311071258180,windowslive,applepushnotification,20.6,MOBILE,N/A,N/A
-1812580251,23845.0,3,2018-02-04,359260068774110,user32,whatsapp,2.933333333333333,MOBILE,N/A,N/A
-181390814,74.0,1,2018-02-04,358563076048860,http,,16.416666666666668,MOBILE,N/A,N/A
-1814786791,73036.0,8,2018-02-04,353809083442620,youtube_web,google,18.0,MOBILE,N/A,N/A
-1815754899,20838.0,4,2018-02-04,357759055736250,blackberry,existing,20.083333333333332,MOBILE,N/A,N/A
-1816884783,990.0,4,2018-02-04,355317083944460,facetime,existing,36.61666666666667,MOBILE,N/A,N/A
-1816885777,906.0,2,2018-02-04,357224071757880,user32,,0.0,MOBILE,N/A,N/A
-182431638,151367.0,2,2018-02-04,355692072765110,unknowntcp,icloud,12.233333333333333,MOBILE,N/A,N/A
-183356060,63063.0,5,2018-02-04,352073063334920,whatsapp,user32,2589.7833333333333,MOBILE,N/A,N/A
-1837728710,194760.0,2,2018-02-04,354359063720280,ssl,,19.266666666666666,MOBILE,N/A,N/A
-1839812345,72811.0,4,2018-02-04,355934070165130,unknowntcp,user32,24.283333333333335,MOBILE,N/A,N/A
-1840291675,425629.0,6,2018-02-04,353332077147390,icloud,facebook,20.55,MOBILE,N/A,N/A
-1840526220,98099.0,5,2018-02-04,357944061746680,windowslive,googledrive,100.16666666666667,MOBILE,N/A,N/A
-1846206048,16152.0,1,2018-02-04,355728074101280,user32,,10.866666666666667,MOBILE,N/A,N/A
-1846346285,70103.0,3,2018-02-04,354903060124980,facebook_messenger,yahoo_generic,11.283333333333333,MOBILE,N/A,N/A
-1847305399,2.9578657E7,5,2018-02-04,353288077800000,twitter,nopayload,17.066666666666666,MOBILE,N/A,N/A
-1851027223,16908.0,2,2018-02-04,353317071564850,google,googleplushangout,16.133333333333333,MOBILE,N/A,N/A
-1858549055,78674.0,4,2018-02-04,3544420692730518,facebook,applepushnotification,20.066666666666666,MOBILE,N/A,N/A
-1866180833,74656.0,5,2018-02-04,355249085159440,unknowntcp,existing,21.95,MOBILE,N/A,N/A
-1867433166,13195.0,2,2018-02-04,355774081061440,spdy,googleplushangout,20.683333333333334,MOBILE,N/A,N/A
-1868108562,0.0,3,2018-02-04,869826024724730,facebook,user32,2.716666666666667,MOBILE,N/A,N/A
-1869871042,7649.0,1,2018-02-04,3574120759402701,googleplushangout,,0.16666666666666666,MOBILE,N/A,N/A
-1871805712,53332.0,14,2018-02-04,353292076169570,facebook_messenger,applepushnotification,0.15,MOBILE,N/A,N/A
-1871960438,792.0,2,2018-02-04,359204071764540,facetime,,2.65,MOBILE,N/A,N/A
-1872593391,18166.0,2,2018-02-04,358813072005770,unknownudp,google,183.6,MOBILE,N/A,N/A
-1873191758,1.2095531E7,1,2018-02-04,357813070058800,instagram,,10.25,MOBILE,N/A,N/A
-1873401533,4895723.0,4,2018-02-04,353810085949610,user32,ntp,19.45,MOBILE,N/A,N/A
-1874085433,711142.0,4,2018-02-04,358254070035260,user32,google,24.9,MOBILE,N/A,N/A
-1874297032,0.0,2,2018-02-04,357558065497590,gmail,,3.5,MOBILE,N/A,N/A
-1875072469,19112.0,2,2018-02-04,356843059065770,yahoo_generic,,0.16666666666666666,MOBILE,N/A,N/A
-1875307226,295085.0,7,2018-02-04,353815080982720,httpv2,user32,23.783333333333335,MOBILE,N/A,N/A
-1878616638,607.0,2,2018-02-04,353975071434820,existing,user32,0.18333333333333332,MOBILE,N/A,N/A
-1878825267,392.0,2,2018-02-04,358187055149220,ntp,,0.16666666666666666,MOBILE,N/A,N/A
-188064954,15125.0,1,2018-02-04,359153079262200,facebook_messenger,,19.283333333333335,MOBILE,N/A,N/A
-188898240,75391.0,7,2018-02-04,356843059313860,windowslive,existing,2.25,MOBILE,N/A,N/A
-1890671664,60156.0,3,2018-02-04,359707068778540,facetime,icloud,25.466666666666665,MOBILE,N/A,N/A
-1893200734,1.2993557E7,8,2018-02-04,354364081177720,icloud,googlemap,21.75,MOBILE,N/A,N/A
-1895703923,2163026.0,6,2018-02-04,356808075648240,whatsapp,google,21.066666666666666,MOBILE,N/A,N/A
-1896863978,96897.0,2,2018-02-04,353510080353230,ssl,nopayload,16.316666666666666,MOBILE,N/A,N/A
-1896925535,74.0,1,2018-02-04,353337070426830,applepushnotification,,11.233333333333333,MOBILE,N/A,N/A
-1897966211,6880.0,2,2018-02-04,353621079423790,bing,unknowntcp,18.8,MOBILE,N/A,N/A
-1898799276,203631.0,1,2018-02-04,355902061966060,googleplushangout,,304.06666666666666,MOBILE,N/A,N/A
-1899393048,81897.0,12,2018-02-04,351853070631480,http,ntp,1.45,MOBILE,N/A,N/A
-1900227351,38722.0,3,2018-02-04,356982065132170,itunes,whatsapp,1.3166666666666667,MOBILE,N/A,N/A
-1901761356,66.0,1,2018-02-04,357081070776940,facetime,,0.0,MOBILE,N/A,N/A
-1902683980,10827.0,2,2018-02-04,353284079945320,ssl,unknowntcp,18.366666666666667,MOBILE,N/A,N/A
-1905459255,344.0,1,2018-02-04,359240060690740,existing,,0.16666666666666666,MOBILE,N/A,N/A
-1907153438,2754.0,5,2018-02-04,352068067560620,nopayload,user32,120.86666666666666,MOBILE,N/A,N/A
-1913093495,7628.0,1,2018-02-04,358637064294570,googlemap,,0.16666666666666666,MOBILE,N/A,N/A
-1922808993,335726.0,11,2018-02-04,868694026659610,taobao,httpv2,2.3666666666666667,MOBILE,N/A,N/A
-1922872543,11013.0,2,2018-02-04,358982071416840,facebook_messenger,nopayload,17.866666666666667,MOBILE,N/A,N/A
-1924511784,4138.0,2,2018-02-04,867274023114500,googleplushangout,facebook,15.6,MOBILE,N/A,N/A
-1926354054,74.0,1,2018-02-04,355609066435220,googlemarket,,11.466666666666667,MOBILE,N/A,N/A
-1927426685,20227.0,4,2018-02-04,352569072933840,nopayload,user32,1.5333333333333334,MOBILE,N/A,N/A
-1928720412,1126.0,2,2018-02-04,359164073389490,facetime,user32,15.85,MOBILE,N/A,N/A
-1928815734,104790.0,5,2018-02-04,862293034551410,youtube_web,facebook,21.666666666666668,MOBILE,N/A,N/A
-1929494802,275.0,1,2018-02-04,355735071736900,applepushnotification,,18.183333333333334,MOBILE,N/A,N/A
-1933046593,0.0,1,2018-02-04,353231073370800,nopayload,,0.0,MOBILE,N/A,N/A
-1936737077,268235.0,2,2018-02-04,357412070597180,unknowntcp,user32,22.25,MOBILE,N/A,N/A
-1951440004,3.67771863E8,35,2018-02-04,355418074774860,user32,google,215.46666666666667,MOBILE,N/A,N/A
-1952520641,144766.0,4,2018-02-04,355313082266190,instagram,user32,20.0,MOBILE,N/A,N/A
-1955167847,0.0,1,2018-02-04,358967061947800,ssl,,0.0,MOBILE,N/A,N/A
-1957476539,251629.0,7,2018-02-04,352938087911780,nopayload,unknowntcp,22.35,MOBILE,N/A,N/A
-1957917485,617205.0,4,2018-02-04,355734073448320,youtube_web,gmail,0.38333333333333336,MOBILE,N/A,N/A
-1958005930,0.0,1,2018-02-04,863980035538420,,,25.216666666666665,MOBILE,N/A,N/A
-1958035597,2523.0,1,2018-02-04,353806084968550,applepushnotification,,15.833333333333334,MOBILE,N/A,N/A
-1958098032,3564.0,1,2018-02-04,355418071832210,facetime,,15.733333333333333,MOBILE,N/A,N/A
-1958516344,0.0,4,2018-02-04,355401070310630,nopayload,user32,22.233333333333334,MOBILE,N/A,N/A
-1958950156,183.0,3,2018-02-04,359227050910180,unknownudp,,0.08333333333333333,MOBILE,N/A,N/A
-1959081200,6874.0,4,2018-02-04,359773057182160,whatsapp,http,1.8333333333333333,MOBILE,N/A,N/A
-1959434129,11581.0,3,2018-02-04,358904056145530,existing,wechat,14.766666666666667,MOBILE,N/A,N/A
-1964919487,0.0,2,2018-02-04,353123070878320,whatsapp,,43.71666666666667,MOBILE,N/A,N/A
-1964950175,358.0,1,2018-02-04,355766075323690,existing,,9.216666666666667,MOBILE,N/A,N/A
-1979055419,40255.0,4,2018-02-04,352948084794390,user32,google,22.916666666666668,MOBILE,N/A,N/A
-1986812680,14139.0,4,2018-02-04,359219076727230,applepushnotification,user32,3.3333333333333335,MOBILE,N/A,N/A
-1986961819,4634.0,1,2018-02-04,353329077730660,whatsapp,,19.283333333333335,MOBILE,N/A,N/A
-1987547867,1124247.0,14,2018-02-04,352943082652550,google,user32,1.6666666666666667,MOBILE,N/A,N/A
-1987683445,477732.0,11,2018-02-04,359257065849920,instagram,windowslive,23.5,MOBILE,N/A,N/A
-1987708422,2477066.0,3,2018-02-04,353120060903700,whatsapp,unknowntcp,15.05,MOBILE,N/A,N/A
-1988872507,77261.0,1,2018-02-04,356996060709510,applepushnotification,,19.4,MOBILE,N/A,N/A
-1989582345,45365.0,5,2018-02-04,359152072168260,http,existing,2789.9166666666665,MOBILE,N/A,N/A
-1990332085,12055.0,1,2018-02-04,356765064967570,twitter,,0.13333333333333333,MOBILE,N/A,N/A
-1993999102,166203.0,6,2018-02-04,355730073628770,icloud,httpv2,3.466666666666667,MOBILE,N/A,N/A
-2008553129,0.0,2,2018-02-04,867115029750400,facebook_video,facebook,1.1666666666666667,MOBILE,N/A,N/A
-2009737358,344.0,1,2018-02-04,354483069525580,existing,,0.16666666666666666,MOBILE,N/A,N/A
-2010482943,929.0,1,2018-02-04,357852031243250,unknownudp,,17.233333333333334,MOBILE,N/A,N/A
-2011711481,19416.0,4,2018-02-04,8673720295740678,icmp,google,0.4166666666666667,MOBILE,N/A,N/A
-2012298204,2380130.0,13,2018-02-04,355426073319600,itunes,existing,23.3,MOBILE,N/A,N/A
-2013922670,18278.0,2,2018-02-04,356952066280490,applepushnotification,,0.11666666666666667,MOBILE,N/A,N/A
-2013926764,6.4702079E7,9,2018-02-04,358359069994770,ntp,whatsapp,23.733333333333334,MOBILE,N/A,N/A
-2016204671,1974.0,1,2018-02-04,355426071291140,unknowntcp,,16.516666666666666,MOBILE,N/A,N/A
-2016517465,128.0,2,2018-02-04,359155070269410,yahoo_generic,,0.16666666666666666,MOBILE,N/A,N/A
-2019375540,18262.0,6,2018-02-04,359172070111680,applemaps,whatsapp,20.583333333333332,MOBILE,N/A,N/A
-2038195327,1053821.0,9,2018-02-04,355432071690060,http,whatsapp,21.033333333333335,MOBILE,N/A,N/A
-2040903369,94559.0,8,2018-02-04,868627027393750,http,windowslive,1.75,MOBILE,N/A,N/A
-2042288605,115410.0,1,2018-02-04,354383069760880,icloud,,13.85,MOBILE,N/A,N/A
-2048069114,537698.0,2,2018-02-04,867982020762700,unknownudp,google,24.666666666666668,MOBILE,N/A,N/A
-2048838746,45306.0,2,2018-02-04,013984000428860,facetime,applepushnotification,19.45,MOBILE,N/A,N/A
-2048898297,57566.0,12,2018-02-04,359167075109610,googleplushangout,whatsapp,32.86666666666667,MOBILE,N/A,N/A
-2050752071,0.0,1,2018-02-04,358843062501210,,,6.883333333333334,MOBILE,N/A,N/A
-2103415082,598.0,1,2018-02-04,351730064298900,whatsapp,,0.16666666666666666,MOBILE,N/A,N/A
-2104251926,69099.0,4,2018-02-04,357791069968520,user32,facebook_messenger,26.283333333333335,MOBILE,N/A,N/A
-2107027487,288.0,1,2018-02-04,355419072674520,unknowntcp,,0.16666666666666666,MOBILE,N/A,N/A
-2107883548,5.3039592E7,11,2018-02-04,355691071537210,user32,instagram,155.01666666666668,MOBILE,N/A,N/A
-210949464,4586981.0,8,2018-02-04,359570076701800,facebook,google,24.266666666666666,MOBILE,N/A,N/A
-211066496,1695.0,3,2018-02-04,353314077705210,user32,ntp,18.55,MOBILE,N/A,N/A
-211093529,65216.0,7,2018-02-04,356952065550040,nopayload,httpv2,30.1,MOBILE,N/A,N/A
-2129129276,213264.0,22,2018-02-04,353871070102620,google,whatsapp,24.116666666666667,MOBILE,N/A,N/A
-2133898720,9.6920636E7,10,2018-02-04,353336077098740,spdy,facetime,22.25,MOBILE,N/A,N/A
-213920662,128.0,11,2018-02-04,355430070521560,ntp,existing,12.683333333333334,MOBILE,N/A,N/A
-215623647,66.0,2,2018-02-04,359256063014850,facetime,,25.4,MOBILE,N/A,N/A
-216483681,62686.0,2,2018-02-04,359223052794920,applepushnotification,user32,20.283333333333335,MOBILE,N/A,N/A
-216579967,4950.0,1,2018-02-04,353809087721590,facetime,,14.75,MOBILE,N/A,N/A
-216638336,1334.0,2,2018-02-04,359233067783860,facetime,existing,16.4,MOBILE,N/A,N/A
-217673337,0.0,1,2018-02-04,353313079088490,existing,,0.0,MOBILE,N/A,N/A
-218360603,2854.0,1,2018-02-04,3592230508963635,user32,,12.533333333333333,MOBILE,N/A,N/A
-218575964,3.642107E7,7,2018-02-04,353820080997180,unknownudp,facetime,21.683333333333334,MOBILE,N/A,N/A
-232829982,54431.0,7,2018-02-04,861718034918030,instagram,facebook_messenger,25.183333333333334,MOBILE,N/A,N/A
-237442873,13490.0,6,2018-02-04,861028033053790,unknowntcp,existing,0.9166666666666666,MOBILE,N/A,N/A
-238245124,35888.0,2,2018-02-04,358616050314910,appleimessage,,12.766666666666667,MOBILE,N/A,N/A
-240217244,1212118.0,8,2018-02-04,867529027124990,ssl,facebook,21.8,MOBILE,N/A,N/A
-241511962,23596.0,7,2018-02-04,355313082088740,googleplushangout,facebook_messenger,2.716666666666667,MOBILE,N/A,N/A
-241514046,754.0,2,2018-02-04,353310070102490,facebook,,20.116666666666667,MOBILE,N/A,N/A
-241604403,36827.0,4,2018-02-04,353112080770140,user32,googleplushangout,2.1333333333333333,MOBILE,N/A,N/A
-242436481,3377453.0,5,2018-02-04,357460067877870,googlemap,googleplushangout,23.05,MOBILE,N/A,N/A
-243442702,171183.0,7,2018-02-04,354431066562160,ssl,ntp,20.066666666666666,MOBILE,N/A,N/A
-244255584,51336.0,8,2018-02-04,356960062643260,itunes,facetime,20.183333333333334,MOBILE,N/A,N/A
-263158026,0.0,1,2018-02-04,355248087353370,facebook_video,,0.0,MOBILE,N/A,N/A
-267545575,604.0,2,2018-02-04,357786055569940,existing,,0.0,MOBILE,N/A,N/A
-267805696,4480.0,1,2018-02-04,8652760206969943,existing,,13.683333333333334,MOBILE,N/A,N/A
-269182967,207.0,1,2018-02-04,013412004479320,existing,,14.433333333333334,MOBILE,N/A,N/A
-271211603,288643.0,10,2018-02-04,359937062188940,http,spdy,25.3,MOBILE,N/A,N/A
-271988313,3960.0,1,2018-02-04,359257068866910,facetime,,10.783333333333333,MOBILE,N/A,N/A
-272109304,31370.0,2,2018-02-04,359234064087540,applemaps,,13.433333333333334,MOBILE,N/A,N/A
-296863638,3191304.0,19,2018-02-04,863691032266790,twitter,nopayload,20.7,MOBILE,N/A,N/A
-297994891,13971.0,1,2018-02-04,3536980601193901,google,,0.16666666666666666,MOBILE,N/A,N/A
-303447519,2159.0,1,2018-02-04,863260036949130,facebook_messenger,,0.16666666666666666,MOBILE,N/A,N/A
-327428181,0.0,3,2018-02-04,356953061843520,nopayload,existing,20.966666666666665,MOBILE,N/A,N/A
-327457980,1.6394307E7,4,2018-02-04,862512020879070,google,existing,31.233333333333334,MOBILE,N/A,N/A
-328376936,0.0,2,2018-02-04,353310075007100,,,15.016666666666667,MOBILE,N/A,N/A
-332165110,38381.0,11,2018-02-04,359214074206640,facetime,nopayload,19.75,MOBILE,N/A,N/A
-332911648,1.388923E7,1,2018-02-04,911465200562330,facebook,,18.95,MOBILE,N/A,N/A
-356026709,27343.0,1,2018-02-04,355426073136940,windowslive,,15.866666666666667,MOBILE,N/A,N/A
-359904409,23980.0,5,2018-02-04,359207073573960,icloud,nopayload,20.7,MOBILE,N/A,N/A
-360582806,290302.0,31,2018-02-04,353415061905510,unknowntcp,nopayload,10.083333333333334,MOBILE,N/A,N/A
-37605564,13949.0,1,2018-02-04,356213070879750,google,,0.16666666666666666,MOBILE,N/A,N/A
-4507042,447818.0,28,2018-02-04,354603072743680,facebook,imaps,47.766666666666666,MOBILE,N/A,N/A
-5636091,34359.0,1,2018-02-04,354437068614600,http,,19.716666666666665,MOBILE,N/A,N/A
-60901376,7671.0,6,2018-02-04,351810070419290,google,user32,129.93333333333334,MOBILE,N/A,N/A
-62836704,134542.0,10,2018-02-04,351706075629890,ssl,facebook,24.866666666666667,MOBILE,N/A,N/A
-69188819,4251078.0,7,2018-02-04,359202074786460,existing,facebook,42.266666666666666,MOBILE,N/A,N/A
-749694999,6484.0,4,2018-02-04,860200038883220,stun,unknowntcp,0.7666666666666667,MOBILE,N/A,N/A
-751426622,8227.0,1,2018-02-04,354446064534090,ssl,,0.16666666666666666,MOBILE,N/A,N/A
-752438531,220.0,1,2018-02-04,351601067305240,user32,,0.16666666666666666,MOBILE,N/A,N/A
-754110726,224.0,3,2018-02-04,353111088579420,existing,,22.116666666666667,MOBILE,N/A,N/A
-784676199,49323.0,3,2018-02-04,353311075227210,http,user32,2768.9666666666667,MOBILE,N/A,N/A
-7964409,11414.0,2,2018-02-04,354218074162920,facebook,,13.283333333333333,MOBILE,N/A,N/A
-808653148,11379.0,9,2018-02-04,352188070363280,user32,unknowntcp,0.38333333333333336,MOBILE,N/A,N/A
-813240252,36092.0,2,2018-02-04,353737064296250,existing,,19.016666666666666,MOBILE,N/A,N/A
-835622168,12216.0,1,2018-02-04,359214075103950,http,,0.16666666666666666,MOBILE,N/A,N/A
-836364646,9351.0,1,2018-02-04,358982075237930,google,,11.916666666666666,MOBILE,N/A,N/A
-838271268,40464.0,4,2018-02-04,355438074660070,applemaps,httpv2,0.15,MOBILE,N/A,N/A
-840461919,2705.0,2,2018-02-04,359152072481810,user32,existing,16.633333333333333,MOBILE,N/A,N/A
-841843273,43252.0,11,2018-02-04,354202079578130,google,http,1.25,MOBILE,N/A,N/A
-842331087,2530.0,2,2018-02-04,355763072795170,user32,whatsapp,14.433333333333334,MOBILE,N/A,N/A
-842486677,9420.0,5,2018-02-04,355427076329700,nopayload,icloud,20.133333333333333,MOBILE,N/A,N/A
-843226653,25034.0,8,2018-02-04,359254068842720,applepushnotification,user32,1.7,MOBILE,N/A,N/A
-843351615,4.4849293E7,11,2018-02-04,359518061586010,user32,whatsapp,6.633333333333334,MOBILE,N/A,N/A
-843467799,26293.0,6,2018-02-04,358809078351500,blackberry,instagram,21.316666666666666,MOBILE,N/A,N/A
-844245126,2310.0,4,2018-02-04,359772038740830,nopayload,facetime,13.133333333333333,MOBILE,N/A,N/A
-847135099,68014.0,3,2018-02-04,352931080344420,whatsapp,unknowntcp,23.383333333333333,MOBILE,N/A,N/A
-848082395,128.0,2,2018-02-04,358361060736350,google,existing,1.7166666666666666,MOBILE,N/A,N/A
-848112471,726.0,1,2018-02-04,353812086291690,facetime,,13.233333333333333,MOBILE,N/A,N/A
-865940378,0.0,1,2018-02-04,354730054015590,line,,0.0,MOBILE,N/A,N/A
-866836091,12751.0,2,2018-02-04,359210079521470,ssl,applepushnotification,2.816666666666667,MOBILE,N/A,N/A
-868623485,795358.0,2,2018-02-04,355669070881940,yahoomail,,0.16666666666666666,MOBILE,N/A,N/A
-869299475,7573375.0,3,2018-02-04,862293032945470,snapchat,ssl,14.183333333333334,MOBILE,N/A,N/A
-870066260,2265.0,2,2018-02-04,359153076768770,nopayload,ssl,0.9166666666666666,MOBILE,N/A,N/A
-870131855,11203.0,2,2018-02-04,866696021882550,nopayload,user32,17.1,MOBILE,N/A,N/A
-870707097,25098.0,4,2018-02-04,355731073569390,youtube_web,instagram,2.216666666666667,MOBILE,N/A,N/A
-870713723,1464.0,10,2018-02-04,869090021379230,existing,facebook_messenger,0.21666666666666667,MOBILE,N/A,N/A
-871484354,162.0,1,2018-02-04,355419070793900,unknowntcp,,6.933333333333334,MOBILE,N/A,N/A
-895648732,0.0,1,2018-02-04,357819067050550,twitter,,20.0,MOBILE,N/A,N/A
-897669960,21276.0,10,2018-02-04,359707067085390,user32,google,21.75,MOBILE,N/A,N/A
-897759334,408.0,2,2018-02-04,358842050173310,google,existing,14.833333333333334,MOBILE,N/A,N/A
-899313921,2016.0,3,2018-02-04,861101035340010,user32,ntp,4.433333333333334,MOBILE,N/A,N/A
-90305903,0.0,1,2018-02-04,359746040858350,,,15.016666666666667,MOBILE,N/A,N/A
-906292305,88300.0,3,2018-02-04,865388021413720,ssl,google,20.583333333333332,MOBILE,N/A,N/A
-919747818,253296.0,2,2018-02-04,351929083411120,nopayload,,20.0,MOBILE,N/A,N/A
-924065505,412.0,1,2018-02-04,354621079130290,existing,,8.666666666666666,MOBILE,N/A,N/A
-926033569,31369.0,3,2018-02-04,355345080379440,user32,google,23.216666666666665,MOBILE,N/A,N/A
-927287110,49093.0,3,2018-02-04,355431070677410,applepushnotification,google,42.28333333333333,MOBILE,N/A,N/A
-928282746,61153.0,6,2018-02-04,356770060571920,google,facebook,19.4,MOBILE,N/A,N/A
-929209301,1181627.0,8,2018-02-04,354410062151640,nopayload,facebook_messenger,15.116666666666667,MOBILE,N/A,N/A
-929354227,9411.0,2,2018-02-04,358234072573580,http,imaps,0.3333333333333333,MOBILE,N/A,N/A
-934000854,400.0,1,2018-02-04,359176075783840,user32,,0.16666666666666666,MOBILE,N/A,N/A
-9393573,122435.0,2,2018-02-04,355847067857350,http,facebook,20.483333333333334,MOBILE,N/A,N/A
-94858996,1046569.0,6,2018-02-04,866566021954410,httpv2,unknowntcp,2606.766666666667,MOBILE,N/A,N/A
-949355386,1.1240369E7,8,2018-02-04,353975071469150,facebook,http,22.733333333333334,MOBILE,N/A,N/A
-950435581,26105.0,2,2018-02-04,356850075626530,whatsapp,facebook_video,19.85,MOBILE,N/A,N/A
-951708547,180870.0,6,2018-02-04,352602070032440,nopayload,icmp,21.15,MOBILE,N/A,N/A
-952043278,0.0,1,2018-02-04,867267027890490,applepushnotification,,0.0,MOBILE,N/A,N/A
-954662906,448795.0,3,2018-02-04,355426073008260,nopayload,ssl,18.833333333333332,MOBILE,N/A,N/A
-954719480,370.0,1,2018-02-04,3537270603171301,existing,,10.483333333333333,MOBILE,N/A,N/A
-955001458,19045.0,12,2018-02-04,359768060572750,ssl,xml,2778.8166666666666,MOBILE,N/A,N/A
-956016305,3476.0,1,2018-02-04,354436068330580,existing,,16.2,MOBILE,N/A,N/A
-956822427,400.0,1,2018-02-04,359214074351370,user32,,0.16666666666666666,MOBILE,N/A,N/A
-956941627,61967.0,3,2018-02-04,359708067029000,google,unknowntcp,19.3,MOBILE,N/A,N/A
-958666805,117668.0,3,2018-02-04,354432065187010,itunes,user32,21.933333333333334,MOBILE,N/A,N/A
-958849457,518.0,2,2018-02-04,352068065065020,user32,,0.0,MOBILE,N/A,N/A
-962361911,879675.0,9,2018-02-04,351776078282340,whatsapp,googleplushangout,24.983333333333334,MOBILE,N/A,N/A
-963990050,112631.0,1,2018-02-04,355591063195320,google,,17.616666666666667,MOBILE,N/A,N/A
-97501531,652.0,1,2018-02-04,356968055307540,existing,,18.016666666666666,MOBILE,N/A,N/A
-977091768,8462.0,3,2018-02-04,354607074093940,google,user32,18.366666666666667,MOBILE,N/A,N/A
-982214684,1648.0,4,2018-02-04,354738063910480,whatsapp,,20.466666666666665,MOBILE,N/A,N/A
-982756962,4.4323538E7,17,2018-02-04,352219071531790,google,facebook,151.91666666666666,MOBILE,N/A,N/A
-985985395,74.0,1,2018-02-04,865276020761100,existing,,0.016666666666666666,MOBILE,N/A,N/A
-98649982,25201.0,7,2018-02-04,358226070169140,googleplushangout,facebook_messenger,0.36666666666666664,MOBILE,N/A,N/A
-986758040,10342.0,2,2018-02-04,359544053473380,ntp,googlemap,16.4,MOBILE,N/A,N/A
-987777510,549862.0,7,2018-02-04,867296029445290,existing,google,31.766666666666666,MOBILE,N/A,N/A
-988283891,9885.0,3,2018-02-04,353621075340160,googlemap,existing,2585.9333333333334,MOBILE,N/A,N/A
-991555350,0.0,2,2018-02-04,353259072223140,unknowntcp,facebook_messenger,2.3833333333333333,MOBILE,N/A,N/A
-991941241,21673.0,10,2018-02-04,353803086121340,applemaps,httpv2,20.283333333333335,MOBILE,N/A,N/A
101999806,7524.0,2,2018-02-04,357864057424970,unknowntcp,,18.283333333333335,MOBILE,N/A,N/A
1023486653,1678684.0,8,2018-02-04,357220077112760,googlemap,youtube,20.85,MOBILE,N/A,N/A
1023554730,4569.0,1,2018-02-04,357441059393810,existing,,13.216666666666667,MOBILE,N/A,N/A
1026382019,1.7305608E7,4,2018-02-04,358431076564860,facebook_video,googleplushangout,68.75,MOBILE,N/A,N/A
109387167,1249007.0,2,2018-02-04,352075064731560,instagram,icloud,4.433333333333334,MOBILE,N/A,N/A
1270796253,9503.0,5,2018-02-04,354408063625190,unknowntcp,facetime,0.6666666666666666,MOBILE,N/A,N/A
1271905155,4.4341171E7,2,2018-02-04,990004727822910,whatsapp,user32,12.883333333333333,MOBILE,N/A,N/A
1272555599,400.0,1,2018-02-04,355689070902530,user32,,0.16666666666666666,MOBILE,N/A,N/A
1274519042,0.0,3,2018-02-04,355770072141600,existing,nopayload,20.083333333333332,MOBILE,N/A,N/A
1278096848,344.0,1,2018-02-04,353845086347790,existing,,0.16666666666666666,MOBILE,N/A,N/A
1299339665,12135.0,3,2018-02-04,353801063065250,whatsapp,facebook_messenger,15.016666666666667,MOBILE,N/A,N/A
1300261352,741335.0,8,2018-02-04,359168072443870,instagram,facebook_messenger,16.883333333333333,MOBILE,N/A,N/A
1302200776,16712.0,2,2018-02-04,359205073455360,ssl,,20.0,MOBILE,N/A,N/A
1305837010,2.6124715E7,23,2018-02-04,359215078774090,existing,user32,2584.4333333333334,MOBILE,N/A,N/A
1307680335,0.0,2,2018-02-04,013720002000910,user32,icloud,1.6,MOBILE,N/A,N/A
1307798384,9619.0,2,2018-02-04,359210072517560,user32,http_proxy,15.366666666666667,MOBILE,N/A,N/A
1329844935,95502.0,2,2018-02-04,353805089711160,facetime,itunes,2787.4166666666665,MOBILE,N/A,N/A
1330057224,11220.0,2,2018-02-04,354738062908150,facetime,user32,20.483333333333334,MOBILE,N/A,N/A
1332676879,2580.0,1,2018-02-04,3527740828588801,baidu,,0.16666666666666666,MOBILE,N/A,N/A
1332764357,3168.0,2,2018-02-04,353804087640390,facetime,,46.13333333333333,MOBILE,N/A,N/A
135239898,0.0,1,2018-02-04,353812083353580,amazon,,20.0,MOBILE,N/A,N/A
1358591173,16860.0,2,2018-02-04,359201043400370,twitter,,0.11666666666666667,MOBILE,N/A,N/A
135961707,118552.0,7,2018-02-04,353556084264150,wechat,unknownudp,235.63333333333333,MOBILE,N/A,N/A
1359631033,1169.0,1,2018-02-04,355330083545880,user32,,18.783333333333335,MOBILE,N/A,N/A
138874593,0.0,1,2018-02-04,353290081037850,,,1.7833333333333334,MOBILE,N/A,N/A
1393628390,35487.0,9,2018-02-04,867801020295470,ssl,spdy,21.933333333333334,MOBILE,N/A,N/A
1398665055,1.2481161E7,1,2018-02-04,358572076627420,facebook_video,,79.78333333333333,MOBILE,N/A,N/A
1414001559,57814.0,12,2018-02-04,354786061960230,facebook_messenger,user32,1.4833333333333334,MOBILE,N/A,N/A
1414805764,2274.0,2,2018-02-04,358829051396940,nopayload,user32,16.033333333333335,MOBILE,N/A,N/A
1415729250,676.0,2,2018-02-04,356958066000510,nopayload,,0.16666666666666666,MOBILE,N/A,N/A
1415943590,9032.0,2,2018-02-04,359544052344190,applepushnotification,nopayload,17.1,MOBILE,N/A,N/A
1417605094,0.0,2,2018-02-04,3568430568301201,existing,,20.1,MOBILE,N/A,N/A
1418529609,8353.0,2,2018-02-04,355428073246260,nopayload,applepushnotification,11.533333333333333,MOBILE,N/A,N/A
1418529827,1040.0,3,2018-02-04,359704056861550,ssl,whatsapp,20.0,MOBILE,N/A,N/A
1418560519,30258.0,7,2018-02-04,354894051645080,unknowntcp,whatsapp,12.083333333333334,MOBILE,N/A,N/A
1418799833,943.0,2,2018-02-04,359212075047040,user32,google,18.016666666666666,MOBILE,N/A,N/A
1419399533,11326.0,1,2018-02-04,353271075699960,applepushnotification,,0.16666666666666666,MOBILE,N/A,N/A
1420523865,603126.0,10,2018-02-04,358367069645470,user32,google,24.016666666666666,MOBILE,N/A,N/A
1420800884,2322437.0,8,2018-02-04,359214071826500,instagram,applesiri,21.183333333333334,MOBILE,N/A,N/A
1421659087,1539.0,2,2018-02-04,358351060112180,nopayload,user32,0.45,MOBILE,N/A,N/A
1428252284,1.1693228E7,9,2018-02-04,354405060412580,icmp,applemaps,24.65,MOBILE,N/A,N/A
1444804519,372.0,1,2018-02-04,359207075628480,user32,,0.16666666666666666,MOBILE,N/A,N/A
1448229525,91557.0,3,2018-02-04,357507055999740,yahoomail,googledrive,498.28333333333336,MOBILE,N/A,N/A
1449309904,9013.0,2,2018-02-04,359216075907710,existing,applemaps,21.583333333333332,MOBILE,N/A,N/A
1450791312,6988.0,8,2018-02-04,351758065954490,unknowntcp,nopayload,21.05,MOBILE,N/A,N/A
1450854764,0.0,2,2018-02-04,357337074955970,mqtt,,109.46666666666667,MOBILE,N/A,N/A
1456609126,522906.0,6,2018-02-04,359205070051580,google,nopayload,25.75,MOBILE,N/A,N/A
1456787817,2531.0,2,2018-02-04,358827056242880,ssl,whatsapp,0.65,MOBILE,N/A,N/A
1470782431,175654.0,24,2018-02-04,353596074048210,unknownudp,ntp,22.133333333333333,MOBILE,N/A,N/A
1471146401,224570.0,2,2018-02-04,355424072920380,icloud,,14.2,MOBILE,N/A,N/A
1472426514,7822132.0,2,2018-02-04,353810085911920,instagram,user32,20.0,MOBILE,N/A,N/A
1473971711,1110.0,1,2018-02-04,3543760688875406,existing,,15.116666666666667,MOBILE,N/A,N/A
1474454253,3034.0,4,2018-02-04,354371080705910,http,nopayload,1.0333333333333334,MOBILE,N/A,N/A
1474485041,0.0,2,2018-02-04,354449068044170,applepushnotification,,21.866666666666667,MOBILE,N/A,N/A
1475733098,320.0,11,2018-02-04,358374068556630,http,whatsapp,21.9,MOBILE,N/A,N/A
1476923101,12376.0,5,2018-02-04,358227072704840,user32,googleplushangout,22.816666666666666,MOBILE,N/A,N/A
1477073908,402945.0,6,2018-02-04,354204077564670,user32,http,22.6,MOBILE,N/A,N/A
1478056116,0.0,2,2018-02-04,358361061180900,existing,,125.5,MOBILE,N/A,N/A
1489015970,1584.0,1,2018-02-04,355420074954670,facetime,,15.216666666666667,MOBILE,N/A,N/A
1492463465,555828.0,9,2018-02-04,355875061268010,facebook_messenger,pcgames,24.216666666666665,MOBILE,N/A,N/A
1492709959,14506.0,1,2018-02-04,359264061404530,applepushnotification,,12.483333333333333,MOBILE,N/A,N/A
1502004296,295959.0,3,2018-02-04,359206079310600,http,user32,2.033333333333333,MOBILE,N/A,N/A
1502095564,8967157.0,1,2018-02-04,355416073039270,user32,,124.33333333333333,MOBILE,N/A,N/A
1502123400,8962.0,1,2018-02-04,353314078883500,user32,,19.516666666666666,MOBILE,N/A,N/A
1502965455,2.0266668E7,53,2018-02-04,358827055061430,existing,user32,257.78333333333336,MOBILE,N/A,N/A
1505823340,1402.0,2,2018-02-04,355348080726910,whatsapp,existing,17.283333333333335,MOBILE,N/A,N/A
1506193822,79999.0,6,2018-02-04,357413070298150,google,ssl,20.683333333333334,MOBILE,N/A,N/A
1506197487,1.765161E7,3,2018-02-04,353335070793970,twitter,instagram,16.066666666666666,MOBILE,N/A,N/A
1506309917,3207373.0,3,2018-02-04,3533080783773712,icmp,ssl,12.516666666666667,MOBILE,N/A,N/A
1507264281,1357803.0,6,2018-02-04,356273070127540,whatsapp,facebook_messenger,20.333333333333332,MOBILE,N/A,N/A
1507342374,71533.0,6,2018-02-04,358367065073360,nopayload,twitter,20.55,MOBILE,N/A,N/A
1508129181,686.0,2,2018-02-04,355424070234310,existing,nopayload,1.0166666666666666,MOBILE,N/A,N/A
1509055558,409.0,1,2018-02-04,358222058007070,unknowntcp,,0.16666666666666666,MOBILE,N/A,N/A
1510900773,830.0,2,2018-02-04,353317079032750,whatsapp,,0.65,MOBILE,N/A,N/A
1510962334,70395.0,8,2018-02-04,352149072380070,user32,googleplushangout,2793.1833333333334,MOBILE,N/A,N/A
1512688109,214.0,2,2018-02-04,358606061599610,unknowntcp,user32,2581.8333333333335,MOBILE,N/A,N/A
1513553191,4364.0,2,2018-02-04,353816056235630,existing,,19.033333333333335,MOBILE,N/A,N/A
1513556014,322.0,1,2018-02-04,868324026430810,existing,,0.16666666666666666,MOBILE,N/A,N/A
1519430782,235316.0,2,2018-02-04,356816071117550,ssl,nopayload,19.833333333333332,MOBILE,N/A,N/A
1528040547,219994.0,2,2018-02-04,860933030015530,unknowntcp,,329.8666666666667,MOBILE,N/A,N/A
1529831977,6645.0,3,2018-02-04,355007080172650,unknowntcp,user32,21.283333333333335,MOBILE,N/A,N/A
1533998691,11204.0,5,2018-02-04,355206061069630,http,youtube_web,21.7,MOBILE,N/A,N/A
1534826570,12028.0,4,2018-02-04,352848029588040,unknowntcp,,16.766666666666666,MOBILE,N/A,N/A
1535400903,128763.0,3,2018-02-04,013846003592230,icloud,user32,19.783333333333335,MOBILE,N/A,N/A
1536203495,1124.0,9,2018-02-04,352015067473520,google,http,16.95,MOBILE,N/A,N/A
1544398403,11716.0,2,2018-02-04,353809084546090,nopayload,user32,11.083333333333334,MOBILE,N/A,N/A
1544428127,0.0,2,2018-02-04,3591690527266201,,,1.2333333333333334,MOBILE,N/A,N/A
1544489697,0.0,5,2018-02-04,352032074870190,itunes,pop3,0.7333333333333333,MOBILE,N/A,N/A
1544550272,86271.0,3,2018-02-04,359202072013360,applepushnotification,ssl,21.25,MOBILE,N/A,N/A
1545444035,2656.0,1,2018-02-04,353313070464700,user32,,19.7,MOBILE,N/A,N/A
1545445797,3036.0,1,2018-02-04,354441068256870,whatsapp,,10.216666666666667,MOBILE,N/A,N/A
1546183849,21346.0,2,2018-02-04,866696021899680,ssl,existing,15.666666666666666,MOBILE,N/A,N/A
1546277282,11479.0,2,2018-02-04,353844084972210,nopayload,applemaps,11.05,MOBILE,N/A,N/A
1548179931,9233.0,2,2018-02-04,352244070023950,ssl,vpnmaster,20.0,MOBILE,N/A,N/A
1556585377,21202.0,5,2018-02-04,358532061310510,ssl,existing,276.53333333333336,MOBILE,N/A,N/A
1557480070,81741.0,4,2018-02-04,357989050824150,user32,ssl,19.766666666666666,MOBILE,N/A,N/A
1557534746,5420805.0,11,2018-02-04,353267071787710,facebook_browser,ooyala,23.8,MOBILE,N/A,N/A
1560188909,7681.0,2,2018-02-04,860963035930250,nopayload,ssl,20.0,MOBILE,N/A,N/A
1568011080,48681.0,5,2018-02-04,862866022010030,existing,facebook,15.233333333333333,MOBILE,N/A,N/A
1575830629,132.0,2,2018-02-04,353845086710170,facetime,,0.0,MOBILE,N/A,N/A
1577678726,1255.0,1,2018-02-04,013789007816680,existing,,0.16666666666666666,MOBILE,N/A,N/A
1587148959,4446.0,2,2018-02-04,352028072942680,touch,,15.833333333333334,MOBILE,N/A,N/A
1594969082,56448.0,2,2018-02-04,359258063872310,icloud,,0.15,MOBILE,N/A,N/A
15956894,58580.0,3,2018-02-04,356059070981200,ssl,applepushnotification,22.216666666666665,MOBILE,N/A,N/A
1596851491,0.0,2,2018-02-04,351985060475410,facebook_browser,nopayload,0.8,MOBILE,N/A,N/A
1597532935,2898.0,1,2018-02-04,357550060383380,google,,0.16666666666666666,MOBILE,N/A,N/A
1601594363,992.0,1,2018-02-04,356484070006940,unknowntcp,,0.16666666666666666,MOBILE,N/A,N/A
1602526255,5570.0,4,2018-02-04,911476102591200,existing,windowslive,14.866666666666667,MOBILE,N/A,N/A
1607170953,23085.0,7,2018-02-04,359202079674200,google,user32,0.4,MOBILE,N/A,N/A
1613666820,5063.0,2,2018-02-04,357441059233110,ntp,google,15.95,MOBILE,N/A,N/A
1615574439,21325.0,3,2018-02-04,358982074838130,instagram,http,0.9833333333333333,MOBILE,N/A,N/A
1616557385,0.0,2,2018-02-04,355439076540470,snapchat,,20.383333333333333,MOBILE,N/A,N/A
1619324012,10402.0,7,2018-02-04,359543057824050,user32,facebook,21.316666666666666,MOBILE,N/A,N/A
1620155430,85822.0,7,2018-02-04,353288073250860,user32,ssl,0.26666666666666666,MOBILE,N/A,N/A
1620707361,27563.0,19,2018-02-04,358234072059850,facebook_messenger,wechat,6.25,MOBILE,N/A,N/A
1620857274,5543.0,3,2018-02-04,358430071148420,user32,googleplushangout,20.483333333333334,MOBILE,N/A,N/A
1624555140,1631.0,1,2018-02-04,353797080600330,skype,,0.1,MOBILE,N/A,N/A
1627354749,201.0,4,2018-02-04,866425013386400,ntp,http,16.283333333333335,MOBILE,N/A,N/A
1627631536,29246.0,1,2018-02-04,353312072442700,gmail,,19.733333333333334,MOBILE,N/A,N/A
1627793396,74683.0,3,2018-02-04,355426075254200,nopayload,twitter,20.0,MOBILE,N/A,N/A
1628157964,5241016.0,15,2018-02-04,356968058902630,baidu,googlemap,2802.9166666666665,MOBILE,N/A,N/A
1629425662,26392.0,3,2018-02-04,861116038074510,nopayload,existing,23.683333333333334,MOBILE,N/A,N/A
1633060103,5940.0,2,2018-02-04,358828054983290,facetime,itunes,21.25,MOBILE,N/A,N/A
1644315867,28873.0,4,2018-02-04,863684022303350,existing,whatsapp,20.75,MOBILE,N/A,N/A
1645305854,1000619.0,19,2018-02-04,359212076315570,whatsapp,nopayload,18.683333333333334,MOBILE,N/A,N/A
1646049642,2551946.0,30,2018-02-04,353308079993400,httpv2,windowslive,219.3,MOBILE,N/A,N/A
1646166792,1081150.0,11,2018-02-04,351625070885210,http,nopayload,45.86666666666667,MOBILE,N/A,N/A
1647001924,0.0,1,2018-02-04,861718034164740,viber,,0.0,MOBILE,N/A,N/A
1648813257,1254.0,1,2018-02-04,358566079543390,nopayload,,14.333333333333334,MOBILE,N/A,N/A
1648877774,192.0,3,2018-02-04,351663059362700,http_proxy,,1.5,MOBILE,N/A,N/A
1649923372,583648.0,3,2018-02-04,353844084978560,user32,applepushnotification,22.0,MOBILE,N/A,N/A
1653092161,606.0,2,2018-02-04,357220074462800,nopayload,existing,1.95,MOBILE,N/A,N/A
1655002748,424.0,4,2018-02-04,359210075815340,unknowntcp,existing,0.2,MOBILE,N/A,N/A
1656203062,0.0,2,2018-02-04,358430076350240,user32,facetime,20.166666666666668,MOBILE,N/A,N/A
1658829542,0.0,1,2018-02-04,861886032320570,googlemap,,20.0,MOBILE,N/A,N/A
1659840384,3060156.0,5,2018-02-04,351989061007240,facebook,snapchat,22.483333333333334,MOBILE,N/A,N/A
1664486980,404.0,2,2018-02-04,359218074770690,facetime,unknownudp,0.36666666666666664,MOBILE,N/A,N/A
1671933027,17803.0,4,2018-02-04,3592140728578207,facetime,user32,2799.4166666666665,MOBILE,N/A,N/A
1672801767,0.0,1,2018-02-04,353818082411470,,,1.2333333333333334,MOBILE,N/A,N/A
1674650026,26396.0,1,2018-02-04,867322023674340,whatsapp,,10.4,MOBILE,N/A,N/A
1674735491,7418.0,1,2018-02-04,354217074679330,google,,0.16666666666666666,MOBILE,N/A,N/A
1681779906,44455.0,1,2018-02-04,865980024463630,google,,23.433333333333334,MOBILE,N/A,N/A
1684433195,2771.0,3,2018-02-04,351542064540080,googleplushangout,nopayload,20.0,MOBILE,N/A,N/A
1685259302,28058.0,10,2018-02-04,3539750714788601,googleplushangout,facebook_messenger,0.016666666666666666,MOBILE,N/A,N/A
1686804987,1871463.0,5,2018-02-04,355323085816150,applemaps,nopayload,18.45,MOBILE,N/A,N/A
1686988329,55042.0,6,2018-02-04,353284075661410,imap,gmail,23.516666666666666,MOBILE,N/A,N/A
1687514365,3446.0,2,2018-02-04,356068082033870,facebook_messenger,,0.16666666666666666,MOBILE,N/A,N/A
1689076431,995.0,1,2018-02-04,357224079210890,unknowntcp,,45.166666666666664,MOBILE,N/A,N/A
1693114078,141511.0,2,2018-02-04,358375063890390,bbm,gmail,20.016666666666666,MOBILE,N/A,N/A
1705732738,24072.0,4,2018-02-04,359040062841630,existing,nopayload,22.233333333333334,MOBILE,N/A,N/A
1705760881,4433008.0,6,2018-02-04,358461076352760,whatsapp,unknowntcp,21.183333333333334,MOBILE,N/A,N/A
1727957448,142154.0,2,2018-02-04,355325080303240,facebook,user32,17.583333333333332,MOBILE,N/A,N/A
1742529420,105467.0,7,2018-02-04,862392030489980,existing,applemaps,20.333333333333332,MOBILE,N/A,N/A
1774809096,1051314.0,2,2018-02-04,352952078328010,applemaps,,183.15,MOBILE,N/A,N/A
21683270,44437.0,4,2018-02-04,353843085101280,facetime,spdy,13.733333333333333,MOBILE,N/A,N/A
24304978,1349115.0,3,2018-02-04,356387061423950,google,ssl,32.31666666666667,MOBILE,N/A,N/A
383205903,148723.0,2,2018-02-04,353287072643130,gmail,pcgames,16.85,MOBILE,N/A,N/A
383233829,304267.0,2,2018-02-04,013852005646510,googlemap,unknowntcp,193.23333333333332,MOBILE,N/A,N/A
383474231,8927.0,1,2018-02-04,358431074066400,user32,,18.7,MOBILE,N/A,N/A
384156332,201.0,1,2018-02-04,355430070167510,applepushnotification,,0.16666666666666666,MOBILE,N/A,N/A
386066729,7.643401E7,4,2018-02-04,353806088698580,whatsapp,icloud,510.98333333333335,MOBILE,N/A,N/A
390650984,1454.0,2,2018-02-04,359311064933420,applepushnotification,user32,19.666666666666668,MOBILE,N/A,N/A
390836332,226018.0,4,2018-02-04,013171000010530,applepushnotification,user32,22.283333333333335,MOBILE,N/A,N/A
390858501,1162.0,1,2018-02-04,357681063130670,unknowntcp,,0.16666666666666666,MOBILE,N/A,N/A
391631911,3746.0,5,2018-02-04,355691071252110,nopayload,icloud,20.2,MOBILE,N/A,N/A
411892930,0.0,1,2018-02-04,358541075260370,,,23.316666666666666,MOBILE,N/A,N/A
412879590,10055.0,1,2018-02-04,358361061221820,applepushnotification,,0.16666666666666666,MOBILE,N/A,N/A
417557061,2170428.0,8,2018-02-04,354925070537260,skype,unknowntcp,25.216666666666665,MOBILE,N/A,N/A
418325795,1276747.0,2,2018-02-04,356995065722680,applepushnotification,applemaps,22.6,MOBILE,N/A,N/A
420299721,208256.0,4,2018-02-04,354410080009960,ssl,,295.96666666666664,MOBILE,N/A,N/A
447909065,4230.0,2,2018-02-04,359168075449800,existing,unknowntcp,20.266666666666666,MOBILE,N/A,N/A
447968676,82740.0,4,2018-02-04,359157073859160,applepushnotification,nopayload,23.933333333333334,MOBILE,N/A,N/A
469273241,580586.0,11,2018-02-04,352068068981840,google,sohutv,18.783333333333335,MOBILE,N/A,N/A
470044864,168039.0,7,2018-02-04,353810081715990,facebook,user32,2595.866666666667,MOBILE,N/A,N/A
471122027,42874.0,2,2018-02-04,353302073377590,unknowntcp,,20.0,MOBILE,N/A,N/A
475740527,923949.0,3,2018-02-04,359279069625490,facebook_messenger,whatsapp,21.483333333333334,MOBILE,N/A,N/A
475797438,20379.0,3,2018-02-04,353271070485030,yahoo_generic,ssl,19.933333333333334,MOBILE,N/A,N/A
48429047,1550.0,1,2018-02-04,359238061451190,existing,,18.316666666666666,MOBILE,N/A,N/A
498916124,24937.0,4,2018-02-04,359769070437540,twitter,instagram,23.916666666666668,MOBILE,N/A,N/A
499808835,2600.0,2,2018-02-04,354449060899700,facetime,existing,21.166666666666668,MOBILE,N/A,N/A
500554598,18507.0,6,2018-02-04,354920062117840,ntp,nopayload,20.083333333333332,MOBILE,N/A,N/A
501534789,128.0,2,2018-02-04,355417074647670,unknowntcp,,0.16666666666666666,MOBILE,N/A,N/A
501688515,9697322.0,11,2018-02-04,357224070734660,user32,google,23.333333333333332,MOBILE,N/A,N/A
502549610,13702.0,3,2018-02-04,357348075007320,facebook_messenger,facebook,17.7,MOBILE,N/A,N/A
505321102,59158.0,2,2018-02-04,3520160616707810,existing,,208.46666666666667,MOBILE,N/A,N/A
505350112,945281.0,5,2018-02-04,358572075207660,ssl,google,22.466666666666665,MOBILE,N/A,N/A
525759056,6348.0,2,2018-02-04,867267027719340,googleplushangout,,18.583333333333332,MOBILE,N/A,N/A
530586158,611005.0,3,2018-02-04,354623071518980,existing,unknowntcp,21.6,MOBILE,N/A,N/A
541365066,2.7411063E7,16,2018-02-04,353804082910200,icloud,applemaps,314.8833333333333,MOBILE,N/A,N/A
545176397,57198.0,2,2018-02-04,359212077173330,applemaps,applepushnotification,14.95,MOBILE,N/A,N/A
546074031,53925.0,7,2018-02-04,866112023620530,http,google,24.45,MOBILE,N/A,N/A
555549869,74.0,1,2018-02-04,359281062809110,existing,,13.0,MOBILE,N/A,N/A
556824185,11315.0,1,2018-02-04,352725082876580,facebook_messenger,,0.16666666666666666,MOBILE,N/A,N/A
557365324,0.0,1,2018-02-04,869444008043640,unknowntcp,,20.0,MOBILE,N/A,N/A
557844803,19190.0,3,2018-02-04,355393071136790,existing,nopayload,20.883333333333333,MOBILE,N/A,N/A
557873604,3636113.0,11,2018-02-04,353308077741150,facebook,google,24.533333333333335,MOBILE,N/A,N/A
558230346,137858.0,2,2018-02-04,355432072189930,ssl,,16.483333333333334,MOBILE,N/A,N/A
559661898,28013.0,2,2018-02-04,868087024171800,google,existing,32.81666666666667,MOBILE,N/A,N/A
560107112,14263.0,1,2018-02-04,352689080606670,ssl,,18.383333333333333,MOBILE,N/A,N/A
560883484,69319.0,5,2018-02-04,353106065857160,user32,ntp,2593.7,MOBILE,N/A,N/A
560942134,69800.0,3,2018-02-04,355350081672370,existing,facetime,21.133333333333333,MOBILE,N/A,N/A
561921425,15134.0,2,2018-02-04,357492069150300,unknowntcp,existing,18.766666666666666,MOBILE,N/A,N/A
562453729,4.5578462E7,16,2018-02-04,359040068948980,httpv2,twitter,23.7,MOBILE,N/A,N/A
562818036,14086.0,2,2018-02-04,355771072555400,snapchat,,0.13333333333333333,MOBILE,N/A,N/A
563468450,107297.0,3,2018-02-04,355323085832210,applepushnotification,user32,19.633333333333333,MOBILE,N/A,N/A
575599762,2183.0,1,2018-02-04,0139490079696309,unknowntcp,,0.16666666666666666,MOBILE,N/A,N/A
583850147,15548.0,2,2018-02-04,355440072860000,windowslive,,0.08333333333333333,MOBILE,N/A,N/A
584558428,0.0,2,2018-02-04,353268078331100,icmp,whatsapp,1.5333333333333334,MOBILE,N/A,N/A
584558434,105.0,1,2018-02-04,013263002911360,ssl,,0.16666666666666666,MOBILE,N/A,N/A
584859558,11246.0,2,2018-02-04,355425072053240,applepushnotification,user32,12.716666666666667,MOBILE,N/A,N/A
585515679,42279.0,3,2018-02-04,351985063620980,user32,ssl,18.333333333333332,MOBILE,N/A,N/A
586914179,35028.0,6,2018-02-04,3538080824142707,ssl,user32,1.4166666666666667,MOBILE,N/A,N/A
586950788,929703.0,3,2018-02-04,359287064338620,google,whatsapp,19.716666666666665,MOBILE,N/A,N/A
587448123,29604.0,2,2018-02-04,355432072929430,ssl,,14.933333333333334,MOBILE,N/A,N/A
588673800,0.0,3,2018-02-04,353872046482250,whatsapp,user32,7.116666666666666,MOBILE,N/A,N/A
591235557,1625309.0,1,2018-02-04,359906070104580,google,,124.4,MOBILE,N/A,N/A
592074634,2.91755738E8,17,2018-02-04,353726066144870,user32,facetime,425.25,MOBILE,N/A,N/A
597818270,353140.0,4,2018-02-04,355695077211310,facetime,applepushnotification,23.05,MOBILE,N/A,N/A
603330406,82367.0,3,2018-02-04,353841082148110,whatsapp,existing,20.65,MOBILE,N/A,N/A
605206465,134236.0,4,2018-02-04,356985052468080,hotspotshield,http,21.3,MOBILE,N/A,N/A
605237094,13329.0,1,2018-02-04,359296063419010,applepushnotification,,15.733333333333333,MOBILE,N/A,N/A
612656424,69563.0,4,2018-02-04,359237063057490,user32,whatsapp,21.516666666666666,MOBILE,N/A,N/A
614655247,13134.0,2,2018-02-04,356377064925250,google,,0.16666666666666666,MOBILE,N/A,N/A
616350605,372.0,1,2018-02-04,355413070431720,user32,,11.5,MOBILE,N/A,N/A
617396199,156883.0,7,2018-02-04,352075061652310,user32,windowslive,23.016666666666666,MOBILE,N/A,N/A
617917316,45746.0,5,2018-02-04,355430073241280,google,user32,33.75,MOBILE,N/A,N/A
617918332,8123.0,1,2018-02-04,358361069966630,applepushnotification,,0.16666666666666666,MOBILE,N/A,N/A
618013972,340.0,7,2018-02-04,353312070074820,existing,facebook,21.466666666666665,MOBILE,N/A,N/A
618287857,144028.0,6,2018-02-04,356317080124590,ssl,whatsapp,22.6,MOBILE,N/A,N/A
618840866,28161.0,1,2018-02-04,3543810690410818,facebook_messenger,,17.266666666666666,MOBILE,N/A,N/A
619616549,56100.0,3,2018-02-04,358365061287920,facebook_messenger,facebook,303.0,MOBILE,N/A,N/A
619639360,0.0,3,2018-02-04,355735072112750,unknowntcp,existing,32.4,MOBILE,N/A,N/A
619861851,56804.0,5,2018-02-04,358362063960800,foursquare,windowslive,21.916666666666668,MOBILE,N/A,N/A
620072588,584126.0,25,2018-02-04,356912073202370,windowslive,whatsapp,1.2833333333333334,MOBILE,N/A,N/A
620655144,16546.0,3,2018-02-04,352053064536550,applepushnotification,user32,2.183333333333333,MOBILE,N/A,N/A
621430920,49050.0,3,2018-02-04,351758064959130,existing,,2576.2,MOBILE,N/A,N/A
621610627,360.0,1,2018-02-04,866339021778910,existing,,14.616666666666667,MOBILE,N/A,N/A
621642301,0.0,2,2018-02-04,352403080363350,mlbtv,yahoo_generic,0.31666666666666665,MOBILE,N/A,N/A
623245285,920.0,6,2018-02-04,356173067152360,nopayload,unknowntcp,2.7666666666666666,MOBILE,N/A,N/A
641819741,3.31606728E8,30,2018-02-04,358430070353030,instagram,unknownudp,97.25,MOBILE,N/A,N/A
644056329,94278.0,4,2018-02-04,356431060265200,whatsapp,facebook,20.833333333333332,MOBILE,N/A,N/A
646887369,3288.0,2,2018-02-04,358828051200900,facetime,existing,12.983333333333333,MOBILE,N/A,N/A
646948776,2131841.0,4,2018-02-04,351542065244680,snapchat,icloud,30.05,MOBILE,N/A,N/A
647454211,15052.0,2,2018-02-04,358813076310770,applepushnotification,,0.16666666666666666,MOBILE,N/A,N/A
648494908,3936309.0,19,2018-02-04,356085072690920,gmail,google,8.716666666666667,MOBILE,N/A,N/A
648615092,4.2275194E7,4,2018-02-04,355396075600110,applesiri,twitter,21.05,MOBILE,N/A,N/A
650021156,353215.0,10,2018-02-04,356316063861210,youtube_web,ssl,22.566666666666666,MOBILE,N/A,N/A
650091597,1052.0,1,2018-02-04,013881009846620,existing,,17.866666666666667,MOBILE,N/A,N/A
650148261,125294.0,3,2018-02-04,353843088317500,pcgames,applesiri,11.616666666666667,MOBILE,N/A,N/A
651904075,5.1617568E7,26,2018-02-04,356976009425720,existing,nopayload,2803.9666666666667,MOBILE,N/A,N/A
654067335,0.0,5,2018-02-04,358430079869530,icmp,googleplushangout,23.15,MOBILE,N/A,N/A
654153109,1627.0,1,2018-02-04,867267027363610,user32,,14.8,MOBILE,N/A,N/A
661693802,78084.0,7,2018-02-04,351705075112550,dropbox,googlemap,21.583333333333332,MOBILE,N/A,N/A
669856134,7988.0,2,2018-02-04,3516250704004812,yahoomail,ssl,29.716666666666665,MOBILE,N/A,N/A
669882112,0.0,1,2018-02-04,356965053816240,http,,0.0,MOBILE,N/A,N/A
671819610,42969.0,4,2018-02-04,353333079679070,user32,facetime,21.016666666666666,MOBILE,N/A,N/A
672683333,95709.0,7,2018-02-04,861447037157470,ntp,facebook,21.15,MOBILE,N/A,N/A
672684519,0.0,1,2018-02-04,356843058388530,whatsapp,,0.0,MOBILE,N/A,N/A
674595788,788.0,3,2018-02-04,353812084014430,existing,nopayload,20.05,MOBILE,N/A,N/A
674960285,18415.0,3,2018-02-04,352991065259340,gmail,imaps,20.25,MOBILE,N/A,N/A
675515339,471.0,2,2018-02-04,356991069976120,user32,,20.0,MOBILE,N/A,N/A
676035713,884.0,4,2018-02-04,3576760675753301,user32,ntp,0.0,MOBILE,N/A,N/A
676530441,58636.0,2,2018-02-04,355886057682360,existing,google,15.566666666666666,MOBILE,N/A,N/A
676900645,9968843.0,6,2018-02-04,865804024246330,ntp,facebook_messenger,17.166666666666668,MOBILE,N/A,N/A
677481671,0.0,1,2018-02-04,3544390602926607,telegram,,0.0,MOBILE,N/A,N/A
677481800,415489.0,1,2018-02-04,356530064102820,existing,,286.68333333333334,MOBILE,N/A,N/A
678766676,56554.0,1,2018-02-04,359258063921790,icloud,,63.61666666666667,MOBILE,N/A,N/A
680684967,3952.0,3,2018-02-04,355071501523680,facebook,existing,18.933333333333334,MOBILE,N/A,N/A
682379424,4331.0,2,2018-02-04,357064087186920,applepushnotification,nopayload,11.866666666666667,MOBILE,N/A,N/A
684688604,9174.0,3,2018-02-04,353288077150490,nopayload,user32,2.033333333333333,MOBILE,N/A,N/A
685466058,13554.0,2,2018-02-04,358854070076400,windowslive,,0.16666666666666666,MOBILE,N/A,N/A
687434373,37414.0,2,2018-02-04,359240060979410,applepushnotification,office365,19.816666666666666,MOBILE,N/A,N/A
687521695,8176.0,1,2018-02-04,357412078363010,googlemap,,0.16666666666666666,MOBILE,N/A,N/A
698458284,1.01136306E8,2,2018-02-04,355899069112270,nopayload,unknownudp,19.75,MOBILE,N/A,N/A
699437576,7781842.0,2,2018-02-04,3591520774704507,whatsapp,,15.6,MOBILE,N/A,N/A
703068455,49999.0,2,2018-02-04,353841089509200,applepushnotification,whatsapp,19.4,MOBILE,N/A,N/A
703313449,60512.0,13,2018-02-04,355406075049400,applepushnotification,whatsapp,2.033333333333333,MOBILE,N/A,N/A
704172551,1.4722684E7,16,2018-02-04,357997059821670,whatsapp,nopayload,46.3,MOBILE,N/A,N/A
706540703,10906.0,2,2018-02-04,355408076797650,existing,applemaps,3.183333333333333,MOBILE,N/A,N/A
706541913,8666.0,1,2018-02-04,357441059161320,ssl,,19.716666666666665,MOBILE,N/A,N/A
706574555,61414.0,4,2018-02-04,355122801139950,http,itunes,12.15,MOBILE,N/A,N/A
710237766,6876.0,3,2018-02-04,359845067164810,user32,youtube,2568.55,MOBILE,N/A,N/A
712397155,117907.0,7,2018-02-04,353972070403970,ntp,gmail,21.316666666666666,MOBILE,N/A,N/A
717104159,1.2999785E7,4,2018-02-04,353995050154890,nopayload,googlemarket,210.3,MOBILE,N/A,N/A
717787558,0.0,3,2018-02-04,358676062664000,ssl,http,22.15,MOBILE,N/A,N/A
717911369,4322672.0,6,2018-02-04,356911072738610,user32,unknowntcp,15.783333333333333,MOBILE,N/A,N/A
718895621,2707.0,2,2018-02-04,357392064897140,existing,facetime,17.7,MOBILE,N/A,N/A
720488325,30315.0,11,2018-02-04,353313076014380,user32,nopayload,21.683333333333334,MOBILE,N/A,N/A
727265256,5377.0,3,2018-02-04,357220076424940,google,ssl,23.05,MOBILE,N/A,N/A
73131558,7970.0,6,2018-02-04,351812078620000,existing,user32,20.0,MOBILE,N/A,N/A
731852048,2.1647136E7,5,2018-02-04,353809081551330,http,icloud,20.0,MOBILE,N/A,N/A
731914567,192.0,3,2018-02-04,353336073049140,existing,nopayload,21.4,MOBILE,N/A,N/A
732284153,0.0,2,2018-02-04,861074023868980,nopayload,user32,20.066666666666666,MOBILE,N/A,N/A
732314811,558729.0,3,2018-02-04,352650062420090,bbm,youtube_web,10.85,MOBILE,N/A,N/A
732622762,394329.0,6,2018-02-04,353843087610500,nopayload,appleimessage,32.1,MOBILE,N/A,N/A
732897857,246.0,4,2018-02-04,357777052582050,whatsapp,existing,17.95,MOBILE,N/A,N/A
733612880,0.0,1,2018-02-04,352051079798460,applepushnotification,,20.0,MOBILE,N/A,N/A
734132094,4348.0,4,2018-02-04,867965021495870,existing,unknowntcp,15.933333333333334,MOBILE,N/A,N/A
734617959,647806.0,5,2018-02-04,353844082144570,applemaps,ssl,23.4,MOBILE,N/A,N/A
735049851,28661.0,4,2018-02-04,358375066175900,icloud,whatsapp,2.2333333333333334,MOBILE,N/A,N/A
736956480,410.0,2,2018-02-04,356387062879900,existing,nopayload,20.683333333333334,MOBILE,N/A,N/A
737849019,7237.0,1,2018-02-04,359210077504380,applepushnotification,,11.35,MOBILE,N/A,N/A
739758847,199.0,1,2018-02-04,869096024780070,existing,,0.1,MOBILE,N/A,N/A
740777319,418.0,1,2018-02-04,354430063927150,existing,,9.25,MOBILE,N/A,N/A
741801925,0.0,2,2018-02-04,990002872314010,google,applemaps,21.216666666666665,MOBILE,N/A,N/A
760821893,807934.0,4,2018-02-04,359570073158040,applesiri,applemaps,17.983333333333334,MOBILE,N/A,N/A
760824861,0.0,1,2018-02-04,359153070370940,,,5.85,MOBILE,N/A,N/A
764759105,183.0,1,2018-02-04,356612020596940,unknownudp,,0.16666666666666666,MOBILE,N/A,N/A
765438468,1.2751669E7,12,2018-02-04,861946033652640,naver,kakaotalk,144.21666666666667,MOBILE,N/A,N/A
765949157,3247783.0,5,2018-02-04,352836060969530,user32,nopayload,22.666666666666668,MOBILE,N/A,N/A
766032831,63017.0,13,2018-02-04,352959075973640,google,dropbox,23.866666666666667,MOBILE,N/A,N/A
776151997,21488.0,8,2018-02-04,358571073674100,telegram,twitter,23.583333333333332,MOBILE,N/A,N/A
783476032,87364.0,3,2018-02-04,352875080050120,existing,nopayload,21.433333333333334,MOBILE,N/A,N/A
784518692,1611.0,1,2018-02-04,861116030641580,existing,,18.416666666666668,MOBILE,N/A,N/A
785329864,7825.0,3,2018-02-04,353315074371170,youtube_web,nopayload,20.433333333333334,MOBILE,N/A,N/A
786460901,12161.0,3,2018-02-04,860152030254600,user32,instagram,38.233333333333334,MOBILE,N/A,N/A
788183977,0.0,1,2018-02-04,351985060065800,http,,20.0,MOBILE,N/A,N/A
788912164,3048524.0,8,2018-02-04,355351080486980,facebook_video,unknownudp,3.6,MOBILE,N/A,N/A
789941677,17628.0,3,2018-02-04,356172077846280,whatsapp,ntp,23.883333333333333,MOBILE,N/A,N/A
790819874,275306.0,5,2018-02-04,359257069908380,applemaps,ssl,11.633333333333333,MOBILE,N/A,N/A
792459870,5664.0,4,2018-02-04,353678088196540,operamini,,0.43333333333333335,MOBILE,N/A,N/A
796129210,2804.0,1,2018-02-04,359758076126460,google,,0.16666666666666666,MOBILE,N/A,N/A
820139739,8328.0,8,2018-02-04,990004491737750,unknowntcp,whatsapp,1.5833333333333333,MOBILE,N/A,N/A
820342602,1111692.0,2,2018-02-04,8662780296589678,http,,19.85,MOBILE,N/A,N/A
846114852,1.5444901E7,4,2018-02-04,354919070851830,http,google,23.433333333333334,MOBILE,N/A,N/A
848889975,2312131.0,8,2018-02-04,352015062731210,facebook,facebook_messenger,14.05,MOBILE,N/A,N/A
852373570,44912.0,6,2018-02-04,359285069088410,facebook,http,0.16666666666666666,MOBILE,N/A,N/A
854574345,583860.0,18,2018-02-04,357471066722460,google,googledrive,2.6166666666666667,MOBILE,N/A,N/A
878702117,528.0,3,2018-02-04,355768071902390,facetime,existing,20.433333333333334,MOBILE,N/A,N/A
879544139,130.0,2,2018-02-04,353813086540400,unknowntcp,facetime,0.48333333333333334,MOBILE,N/A,N/A
881243272,167960.0,11,2018-02-04,352223065990100,unknowntcp,http,23.433333333333334,MOBILE,N/A,N/A
881269041,337.0,1,2018-02-04,355721067139630,user32,,0.16666666666666666,MOBILE,N/A,N/A
882069275,1.3893236E7,4,2018-02-04,353774086612600,google,http,19.733333333333334,MOBILE,N/A,N/A
903495942,440436.0,6,2018-02-04,352494063056690,google,existing,20.1,MOBILE,N/A,N/A
911685555,13834.0,2,2018-02-04,353331075379170,office365,facetime,19.283333333333335,MOBILE,N/A,N/A
911713483,5528.0,2,2018-02-04,864192020650140,user32,googleplushangout,20.3,MOBILE,N/A,N/A
911836652,344.0,1,2018-02-04,354437060609850,existing,,18.083333333333332,MOBILE,N/A,N/A
911953701,73492.0,7,2018-02-04,354432066661250,existing,user32,17.15,MOBILE,N/A,N/A
932245440,13374.0,2,2018-02-04,358985073840300,existing,facebook,22.5,MOBILE,N/A,N/A
936854171,11060.0,5,2018-02-04,354380060613140,unknowntcp,user32,2588.4333333333334,MOBILE,N/A,N/A
936857218,848987.0,2,2018-02-04,356387065321990,http,facebook_messenger,20.8,MOBILE,N/A,N/A
938709928,5824.0,4,2018-02-04,3570020741058901,nopayload,http,0.16666666666666666,MOBILE,N/A,N/A
967095977,14094.0,2,2018-02-04,358226070165870,google,,0.16666666666666666,MOBILE,N/A,N/A
968970795,192510.0,4,2018-02-04,355111801508630,operamini,user32,1.5833333333333333,MOBILE,N/A,N/A
989501752,464.0,2,2018-02-04,868851024918560,nopayload,,0.08333333333333333,MOBILE,N/A,N/A
989526621,90715.0,3,2018-02-04,357460065501280,ssl,facebook_messenger,20.383333333333333,MOBILE,N/A,N/A
990240796,81745.0,5,2018-02-04,359845063464900,periscope,whatsapp,22.066666666666666,MOBILE,N/A,N/A
990242619,944.0,1,2018-02-04,355901068931390,existing,,16.266666666666666,MOBILE,N/A,N/A
996856131,5.8477126E7,7,2018-02-04,358001075152970,youtube_web,ssl,24.133333333333333,MOBILE,N/A,N/A
997632679,128.0,4,2018-02-04,354738060572980,applepushnotification,,15.083333333333334,MOBILE,N/A,N/A
